Id,Predicted
0,THE COMPANY ALSO DONATED SIXTY THOUSAND DOLLARS TO A LOCAL AND VARD NETTOEL GROUP TO HIGHER SPECIALISTS TO AVALUATE THE COMPANY'S PLANS TO CLEAN UP CONTAMINATED SITES
1,MR. BENETS CALL FOR MANDATORY TESTING HASN'T BEEN ENDORSED BY THE WHITE HOUSE PERIOD
2,AN USER LEASE ISSUED YESTERDAY SAID THAT THE LINE OF CREDIT WOULD BE GUARANTED WOULD BE GUARANTED BY PART OF YOUNG SEOVER PERIOD
3,THE BUYOUT PLAN IS CONTINUENT ON ALL GAINING RECEIVING THAT WAVE EAR PERIOD
4,HOWEVER INCREASING THE COST OF RECEIVED AND MOST SHOULD MOTIVE AT RESEARCHERS NOT TO WAS THEM ON MERELY CURRENUS OR REPEDTATIVE STUDIES
5,IN AUGUST COMMA A PACIFIC TELECIS GRAPPEUNIT MADE A SIMILAR GUARANTEE TO THE COMMUNICATIONS WORKERS OF AMERICA COMMUNICATIONS OF NECESSARY PERIOD
6,AN AMBITIOUS IN NINETEEN HYPHEN NATION EFFORTS WHO HAUPED TWENTY YEARS OF WARN TEMBODY AND IT WISHOUT IN AGREEMENT PERIOD
7,THE NEW CHAIRMAN KNOWS THAT HIS POLITICAL CONNECTIONS MAKE SOME MARKET PARTICIPANTS SUSPICIOUS THAT HE WILL TRY TO STIMULATE THE ECONOMY TO HELP G. O. P. CANDIDATES NEXT YEAR
8,THE AVERAGE MARKET DECLINED FOR THE SUBSEQUANT QUARTER IN THOSE CASES WAS ABOUT SEVEN PERCENT PERIOD
9,A. G. E. ENWORDS AS IT OFTEN HAS DURING A PAST YEAR THE SAINT LOUIS FOR ENSURED UP ITS NINE NEW YORK COMPETITORS IN THE LATEST FOR ENSURED UP ITS NINE NEW YORK COMPETITORS IN THE LATEST SHARE OF ITS NINE NEW YORK COMPETITORS IN THE LATEST SHARE OF I
10,NO FIRM PLAN HAS BEEN DEVIDES BUT IT IS UNDER CONSIDERATION TO REVEAW THE WHOLESTRUCTURE
11,I SAF DOWN IN SIGGERED OUT WHAT THEY NEEDED UNSOLD THEM ON IT
12,IT NOTED RESIDENTS TO JOIN A COMMITTEE TO AIR THEY ARE DRIVES AGAINST THE COMPANY AND DISCOUSS SOLUTIONS
13,THE ROUTHWELL SAG AT INTENTIFIED CRITICISM OVER THE WESTERN OSTERLY AND GOVERNMENTS PERLATIONSHIP WITH ON TO PRINNERS SUCH AS MR. BODE AND MR. HOMES ACCOURT COMMA WHOM THE GOVERNMENT ISSUES SET FINANCIALLY PERIOD
14,DOUBLE-QUOTE WE'RE NOT CALLING FOR MANDATORY TESTING AND ANY SHAPE OR FORM PERIOD DOUBLE-QUOTE
15,IN MAY COMMA A THERAL COURT DISMISSED AN ANY TRUSTS SEED AGAINST ARTUR HYPHEN DANIELS STEMMING FROM ITS NINETEEN EIGHTY TWO AGREEMENT TO LEASE ADDITIONAL COARD HYPHEN MILLION PLANTS PERIOD
16,THE AMENDMENT PASSES COMMA THEY WILL BE INCORPORATED INTO THE HIGHWAY LEGISLATION PERIOD
17,IT IS CHARGED WITH GETTING THE BEST DEAL FOR SHAREHOLDERS COMMA ADWONG GET TOP DOLLAR WITHOUT ANOTHER BIDDER
18,CORN FUTURES WHO CEEE SOME STRENGTH ON EXPECTATION THAT THE AGRICULTURE DEPARTMENT WOULD RAISE SOVIET IMPORT FOR CASTS ANALYSTS
19,CRESIONS SHOWERS HYPHEN SHILLING COMMA THE POSTAL MINISTER COMMA BRISSELS AT SUGGESTIONS THAT SUCH CRITICISM LEDED THE DECISION TO DISMANTAL THE MINOBLY PERIOD
20,THE BUNDESBOSTS MANOPILY HAS BECAME A LIGHTING ROUGH FOR CRITICISM BY THE U. S. AND OTHER TRADING PARTNERS OF GERMAISE CLOSED DOORS PERIOD
21,POPULATES MEETINGS HAD A REVIVE ALLYST FLAVER WITH BANNERS URGING PEOPLE TO VOLE AS THEY PRAIDE
22,THE RATING COME CERINAL ALSO PLAYS THE SINGLE HYPHEN A. HYPHEN TWO SENIOR DEBT RATING O. C. S. X. X. TRANSMISSION UNIT ON REVIEW COMMA WEST DIRECTION UNCERTAIN PERIOD
23,PAN A. M. INS CLEARLY BANKING ON GETTING MOST CONCESSIONS THIS YEAR AND EXECUTIVE AT ANOTHER AIRLINE SEOUS
24,THEY FELL COMMA OFTEN LITERALLY COMMA THE CRACKS IN HISTOM PERIOD
25,MR. ARTEMER SAY THAT THE EARTHS FATE WITH THE EARTH'S FATE IS SEEL
26,THE AUDION AUTOMOBILE INDUSTRIES AREN'T THE ALLY ONES THAT HAVE LET EARLY ADVANTAGES IN TECHNOLOGY OR DESIGNED SLABOWAY PERIOD
27,NOTHER DID BELLGRIP OFFICIALS AT LINETHEN PERIOD
28,THE REORGANIZATION WOULD ALLOW EACH EXISTING COMMON SAYS THE BE TO BE TONVERTED DURING A THIRTY HYPHEN DAY PERIOD IN TO TWO POINT SEVEN FIVE CLASS AISHARES PERIOD
29,SEPARATELY MOODY'S INVESTORS SERVICE INCORPORATED SAID IT PLACED SEE S. X. AND ITS TRANSPORTATION SUBSIDIARIES ON REVIEW FOR POSSIBLE DOWNGRADE BECAUSE OF SEE S ACCESS RESTRUCTURING PLAN
30,BUT COMMA HE ARE GUESS COMMA DOUBLE-QUOTE THE DEAPER THE COOPERATION BETWEEN SCOMMA THE MORE CONTROLLABLE THE SOVIETS ARE PERIOD DOUBLE-QUOTE
31,MANY WANT TO STORM THAT TANK AND TAKE IT OWED
32,MICHERMAN ELL R. DIFFERENT SAID MERCE OF THE OIL HYPHEN SERVICES BUSINESS PERIOD
33,MR. ROBERTSON CONBEST BE UNDERSTEAD NOT AS A NEW FIGURE IN THE CONSERVATIVE MOVEMENT BUT HAS THE AIR OF THE POPULATES AND FATHER COULDN'T
34,THE NEW DEAL PROTECIAL SECURITY COMMA BAN THE NEW FRENTIER BROTH MEDICARE PERIOD
35,WITH THIRTY MILLION TELEPHONES COMMA WEST GERMANY RENKS BEHIND ONLY THE U. S. AND JAPANESE FONE MARKETS PERIOD
36,BUT THE FEDERAL RESEARVAN MR. GREENSPAN OR LIKELY TO BE WORKING HARD TO KEEP INFLATION DOWN
37,THE GOLD CARD WHICH INCREWEDS A FEW ADDITIONAL SERVICES ONLY NOW COST ON SEVERAL COST OF SEVERAL YEARS
38,CHRISTON SWARTS HYPHEN SILLING COMMA THE POST O MINISTER COMMA BRISILS THAT SUGGESTIONS THAT SUCH CRITICISM LED TO THE DECISION TO DISMANT OLYMAN OPPLY PERIOD
39,BUT ISSUER COMMA PARTY BATTLES ARE LESS CONTENTIOUS AND DOCTOR PAUL COMMA WHO IS ON THE BALLOT AND FORTY SIX STATES COMMA HOPES TO AT LEAST ONE MILLION VOTES PERIOD
40,THERE'S NO DOUBT WE'VE DEMINISHED TO SOVIET THREAT PERIOD
41,IN RECENT WEEKS COMMA FOR EXAMPLE COMMA READERS HEAR HAVE HEARD OF THE BANNING OF DOUBLE-QUOTE AND DAY HYPHEN IRA STOKES DOUBLE-QUOTE IN ONE LONDON BURROW PERIOD
42,HE ALSO SAYS THE ATHORITIES WEALTH THEY SAY THE THEY WILL NOT STAND DECIDED LET CURRENCY'S REACH NEW LOWS POST ELECTION
43,WE CHAN'T BE DOGMATIC ABOUT IT PERIOD DOUBLE-QUOTE
44,THIS IS IN THE TIME TO TAKE THE CHANCE IN ASKED THEM THAT SAYS MR. ABBLEM WHO ADDS THAT HIS HOME PHONE HIS BUGD
45,MOST OBSEVERS NOW STAY MR. NOVALLY PAID TWO MUCH FOR THE COMPANY COMMA WHICH HAD NO OIL RESERVES OF ITS OWN PERIOD
46,HE MADE A SALES COLL HE SAYS
47,MEANTIME MORE DEPARTURES LOOM ADDE FEARS THAT THE OPPORTUNITY IS FAILED
48,NOME FED ROLES REQUIRE THE REQUIRE THREE STOCK TO GRADUALLY RAISE THAT LEVEL DEPENDING ON A PROFITABILITY OF THE INDUSTRY
49,HE ALSO SAYS THE AUTHORITIES MAIN WITH THEY SAY THAT THEY WILL NOT STAND ASIDE AND LIKE TO RENCIES REACHED NEW LOWS POST ELECTION
50,WAS THIRTY MILLION TELEPHONES COMMA WESTERN ANY RANKS BEHIED ONLY THE U. S. AND DAPANESE PHONE MARKETS
51,U. S. ATTORNEY GUALY AUTY COMMA TRYING TO HOST TEEMS TO THE LEADERS COMMA WILL REVIEW HOW THE BOARD PICKED THE NEW PRESIDENT PERIOD
52,AND AFTER TWO VISITS FROM IMMIGRATION OFFICIALS COMMA FINDS OF TWO HUNDRED FIFTY DOLLARS TO TWO THOUSAND DOLLARS PERIOD
53,MR. CATSENBERG SAID MUSIC AND PUBLISHING OR AREAS DOES NEW WOULD FURTHER EXPLORE WITH DEMOPITS PERIOD
54,SUPERVISERS TOLD IN THAT IF HE DIDN'T SHAVE COMMA HE WOULD BE TRANSFER TO A POSITION COMMA AT A LOWER SALARY COMMA THE DIDN'T AND VOLVE PUBLIC CONTACT PERIOD
55,THE FEDERAL EXPRESS SERVICE COMMA WHICH ALLOW BUSINESSES AND NEW DIVIDUALS TO SENT FACTS FROM THE COMPANY'S STORES COMMA CAN'T TWO EARLY A MUST TO EXPENSIVE COMMA ANALYSTS SAY PERIOD
56,THIS MAINS THAT FOR MR. DEBT BUT A DEBT BUT A DEBT ANCREASE HISTAKE BY FIFTEEN PERCENT MEMBERS OF MR. LICENSCRAY PERIOD
57,IN WEST GERMANY COMMA YOU'VE BE S. ACQUIRED DOUBLE-QUOTE GOIES ACQUIRED DOIGHT H LENDER BANK IN NINETEEN EIGHTY FIVE PERIOD
58,ANGERD LOOK CRUDE OFFICIALS CONVENIENT THEIR HIGH COURT TO JARGE MR. AMMER OF LAST SUUTOR PERIOD
59,BUT BOTH COMPANY SHOULD BE TO FROM AN UPTURN IN THE OIL AGAINST BUSINESS PERIOD
60,HE RESTRIPTED IS PARTY TIDELS IN STOCK DOUBT COMMA RIBING UP HIS LACRUD MEBBERSHIP CARD BEFORE THE WAITING TELEVISION CAMERAS PERIOD
61,THE NEXT SPRING COMMA CHARTER COMPANY COMMA ANOTHER BIG INDEPENDENT COMMA ENDER CHAPTER ELEVEN PERIOD
62,THE NASDAQ COMPOSITE INDEX OF FOUR THOUSAND COMMA SIX HUNDRED THIRTY EIGHT STOCKS CLOSED AT THREE HUNDRED SEVENTY FOUR POINT SIX FIVE COMMA DOWN ZERO POINT SIX FIVE COMMA DOWN ZERO POINT ONE SIX PERIOD
63,BAD THINGS COMMA BUT NO WERE SEND MANY OTHER BOUGHT THINGS AND LIFE COLON CAR RECTS COMMA THE DEFEAT OF LOBBLENCE PERIOD
64,HE'S BEEN ONLY GUY WOULD SHOW UP IN THE PLAUSA AND DRAW CROWD OF SEVENTY FIVE THOUSAND PEOPLE SAYS ONE LATTEN DIPLOMAT
65,A SPOKESMAN FOR THE NUCLEAR REGULATORY COMMISSION SAID THREE OUN DECIDED TO RECALL ITDISINGLE MODELS OF ITS AIR IN IZERS AFTER RADIATION LEAKS WERE DISCOVERED AT FOUR FACILITIES USING ONES MODELS
66,MR. ASEES A FORMER ENGLASH TEACHER IS ADEPT AT THE LIBERING STRATE TALKWAS DEPLOYMENT IX SMILES AT SOFT IN THE HARTINESS OF HIS WORDS
67,IN NINETEEN EIGHTY FIVE PENNS OIL ONE NEARLY ELEVEN BILLION DOLLARS IN DAMAGES IT TRIAL THE BIGGEST JUDGMENT EVER AWARDED A PLANT
68,SIBATE AGREED TO REMITY THE OVERSITE
69,THE SHOTLLED BE THE FIRST TO LIFT OFF SINCE THE NINETEEN EIGHTY SIX CHALLENGE OR EXPLOSION
70,DAVE LEARNED OF ABOVE DISTRIBUTED IN OTHER BURL COLJESSES TREAMS STURT ABOUT LITTLE BOY WHO CHALLENGE OU STECS AND BY DRESSING AS A GERRAL
71,YESTERDAY'S ANNOUNCEMENT BY REPRESENTATIVE HOWARD MEANS TO HOUSE WALL VOTE OF THE SUBSIDIATED THE SUBARDLY FROM THE EVERY CONFRONT SURPORT PERIOD
72,AND SOME CHAINS COMMA SUCH AS HOLDAY CORPORATION COMMA SHARED INCORPORATION AND HIGHT HOTELS CORPORATION COMMA INSISTEY WILL MIKE PLENTION OF ROOMS AVAILABLE AT BART IN RATES PERIOD
73,ACCORDING TO HIS LAST LOW RESEARCH COMMA THIRTY FIVE MILLION PEOPLE PURCHASE DEFICIT LISTENS IN NINETEEN EIGHTY FOUR PERIOD
74,MICHAEL HELD AN ECONOMIST ITS NITHBARNEY HARRIS UPHEM AND COMPANY THINKS MR. GREENSPAN WANTS TO ESTABLISH IS GRIDENTIALS AS AN INFLATION FIDER
75,THE NEW CHAIRMAN NOTES IT HAS POLITICAL CONNECTIONS MIKE SOME MARKET PERTHASEPANS SUITS THE DEBALE TRY DESTIMULATE THE ECONOMY TO HELP G. O. P. CANNED ITS NEXT YEAR PERIOD
76,THEY NOTED THAT CONSIMER AS MAY HAVE STEPPED UP THEIR PURCHASES LAST MONTH IN ORDER TO BE ABLE TO DEDUCT THE SALES TAX ON THEIR NINETEEN EIGHTY SIX TAX RETURNS PERIOD
77,NOW A C. B. IS TRYING TO MAKE AMENS
78,BUT ATTEMPTS TO I. S. LATE A MISSING OR DEFECTED PROTEIN IN THE MUSTAL TISHY OF MUSCOWERED DISTRIFY PATIENTS HAVE WARNED PRESIDENTS HAVE WARNED PREPATIONS HAVE WARNED PREPATIONS HAVE WARNED PREPATIONS HAVE WARNED PREPATIONS HAVE WARNED PREPATIONS HA
79,YET THE BENDUS POSTED IS BENDING OVER BACKEWERED TO COMPLY WITH U. S. DEMANDS FOR MORE ACCESS PERIOD
80,MR. BOND COULD USE THE LONG RO HOLDING TO EXERT INFORENCE ON ITS BUSINESS PUSINESS PERIOD
81,BUT NASDAQ COMPOSITE INDEX OF FOUR THOUSAND SIX HUNDRED THIRTY EIGHT STOCKS CLOSED AT THREE HUNDRED THIRTY EIGHT STOCKS CLOSED AT THREE HUNDRED SEVENTY FOUR POINT SIX FIVE DOWN ZERO POINT ONE SIX
82,NOW SEEBOUS TRYING TO MAKE AMENDS
83,AND SHORTLY AFTER THE ACQUISITION COMMA OIL PRICE ASSTARTED TO SLIDE PERIOD
84,HOTELS CAN USE THE TECHNOLOGY TO PREDICT WHEN BUSINESS WILL BE UNUSUALLY SLOW AND THUS WHEN MORE DISCOUNTING IS NEIGHT DEALLY SLOW AND THUS ONE MORE DISCOUNTING IS NEIGHT DEAL IN THUS ONE MORE DISCOUNTING IS NEIGHT DEAL IN THUS ONE MORE DISCOUNTING 
85,ACCEPTED BIDS RANGED FROM SIX POINT THREE EIGHT FIVE PERCENT TO SIX POINT FOUR THREE SIX PERCENT
86,DOUBLE-QUOTE OUR ITS AREN'T EYES OF EXAMPENT THE FACTS AROUNDING MESS MATTER AND NUSTING THAT ITS FACTURE WILL IS NEW TWERE COULDN'T THE STORY HIS NEW TWERE COULDN'T SELL PERIOD
87,THE GETTING LESS YEAR COMMA SALES TAXES CAN'T BE DEDUCTED PERIOD
88,DOUBLE-QUOTE WE HAVE TO BE CONCERNED ABOUT COMFIDENTIALITY COMMA DOUBLE-QUOTE MR. BROWN SAID PERIOD
89,BUT HE SAID IN AN INTERVIEW LAST WEEK EDICATE RAISE FIVE HUNDRED MILLION DOLLARS PREFESS TO PURSUE IN ACQUISITION
90,AN AIR KELL IS SPOKESWOMAN SAID THE COMPANY FORMED THE VENTURE TO CREATE A FINANCING VIEWICAL FOR FUTURE HOTEL PRIJECTS
91,BIGGER LOANS AND LOWER TAXES ARE GEYING FIFTEEN THOUSAND WORKERS A YEAR INTO LEGALIZED PRIVATE SERVICES PERIOD
92,MR. CALLINS WEREN'T DOUBLED AND OWNS CORNING DIVISION WITH REDUCING ITS STAFF AND WOULD NEED OUTSIDE HELP TO PRODUCE IN USED WHETHER
93,FOR SUCH GROUP RATE COVERAGE EMPLOYERS CAN CHARGE THE FORMER WORKERS AND THEIR FAMILY'S THE AVAICH COST OF REVIDENG THE HEALTH BENEFITS PLUS A TWO PERCENT ADMINISTRATIVE FEE
94,MCDORN AT AN ELLION DIFFERENT SAGGERANTS WHO THE OIL SERVICES BOOSINT
95,THE BANK COLDING COMPANY'S FLATED ANOTHER FIFTY BILLION DOLLAR SALE FOR NEXT TUESDAY
96,FIVE BLENG IN YEARS FOR A NOW THE SENALST LOLILY SLOWLY SLOWLY SLOWLY SLOWLY SLOWLY SLOWLY EARTHAN A HUGE FIRE BOL
97,THE RULING MY ENCOURAGED FURTHER INDUSTRY CAN SOLIDATION COMMA A STALLY HOLDERS SAYS PERIOD
98,PLATS NOST HAD HAUSED HE BEEN GOOD TO LOWER AND LEADENCE LEADENCE MERCE LEADENCE
99,MARKET ACTION WAS ECENTUALLY THAY JUSTINE WEDNESDAY'S RALLY
100,SOME INVESTORS ARE PREPARING FOR A SHORT TERM CORRECTION THIS MONTH ALTHOUGH MOST BELIEVED THAT IT WON'T BE SIGNIFICANT
101,IN RECENT YEARS HE HAS INFECTED IN G. A. F. CORPORATION AND WHEAS THE ANTILAN AND EXPERATION COMPANY AMONG OTHERS WITHOUT BIDDING TO ACQUIRE THEM
102,SOME INTERESTS HAVE THEIR POLITICAL BENEFITS OF COURSE NOT ON LIEST THAT THE PRESIDENT DOMINATES THEN USE
103,BUSINESSES WERE ALSO WARY AFFACTS PROJECTS AFTER A HIGHLY TOUGH IT FEDERAL EXPRESS FEDERAL EXPRESS FLOUNDERED AND WAS JEDISON IN NINETEEN EIGHTY SEVEN PERIOD
104,THE PEOPLE'S PARTY CARDER MOVED INTO KEY POSITIONS IN AREAS OF PUBLIC ADMINISTRATION INCLUDING HEALTH EDUCATION LABOR FOREIGN RELATIONS AND AGRICULTING HEALTH EDUCATIONS AND AGRICULTURE
105,NERROLLY DEFINED THUR ADD DOESN'T WERE SO ASSET ALLOCATION FUNDS
106,ONLY A FEW STATES REQUIRE UNEMPLOYMENT COMPENSATION FOR LOCKED OUT WORKERS
107,EXPORT PRICES ROSE ONE PERCENT AND THE LATEST QUARTER AND EDGED UP ONLY SERO POINT TWO PERCENT IN THE LAST YEAR PERIOD
108,BINS TOTALING SIX HUNDRED FIFTY ONE MILLION DOLLARS WERE SUBMINDED
109,A COURT INTERHING TO HIGH SLASH LOW RESEARCH COMMA THIRTY FIVE MILLION PEOPLE PURCHASED OFFICIAN LICENSE IN NINETEEN EIGHTY FOUR PERIOD
110,THE STATE GOVERNMENTS INSURANCE IRMEIN THE STATE HYPHEN OWNED BANK ALSO HAVE INVESTMENTS IN ROUTHWELLS EXCEEDING ONE HUNDRED MILLION AUSTRALIAN DOLLARS PERIOD
111,IF SO THAN INCREASING THE COST OF RECEIVANTIMEL SHOULD ACTUALLY REDUCED THE BUILD UP PUBLIC PAYS FOR AMMAL RESEARCH
112,IT MAY BE THAT AUR STRUCTURE AND WELL TO PLECITY OF CORPORATIONS ISN'T THE MOST EFFECTIVE FOR THE FUTURE
113,MANY OTHERS COMMA EVADING TAXES COMMA DO IT ON THE SLY PERIOD
114,THE BANK HOLDING COMPANY SLATED ANOTHER FIFTY MILLION DOLLAR SALE FOR NEXT TUESDAY
115,THE PINK SHE ADDRUG INDUSTRY TRADE LETTER REPORTED THIS WEEK THAT MORE CAD TWENTY EIGHT THOUSAND APPLICATIONS FOR THE OPENED
116,IT HAD A JUMATIC OF SECT ON THE GAME PERIOD DOUBLE-QUOTE
117,EARLY LAST RECOMME MR. CHONE DID OFFER CONCESSIONS PERIOD
118,LAVE BEEN IN USE IN THE U. S. SENTENCE THE EARLY NINETEEN SEVENTAES PERIOD
119,GROUPS OF CONSULTANTS FROM SEVERAL MAJOR FIRMS ARE MEATING SECRETALLY TO PLOP DEFECTIONS PERIOD
120,THE RECALL EXPANSE ON WITHDRAWAL OF OTHER VOTELS BEGON EARLY EARLIER THIS WEEK
121,IN THE A. B. M. TREATY COMMA THE U. S. NEGOTIATORS MUNITO OUTLONG THIS YEFENS AND LOCKED BOOTHSIDES INTO THE POSTURE OF MUTUAL ASSURED DESTRUCTION PERIOD
122,IT IS A PUNISHING COMMA AND OFTEN DISAPPOINTING EXPERIENCE PERIOD
123,THE AVERAGE DOVERT AND YIELD OF ITS RECOMMENDED STOCKS IS THREE POINT SEVEN PERCENT THE SECOND HIGHEST IN AGREEP AFTER SMITH BARRETIES FOUR POINT ONE PERCENT
124,THE MARKETS TEND THE MAGNIFIED THE NATION
125,ASSETS MINUTES LIABILITIES EXPRESSED AS THE PERCENTAGE OF TOTAL LIE ABILITIES
126,ACTURELY COMMA SINCE ITS GROUND AFTER THIRTY AID A LEGAL LOT COMMA DOUBLE-QUOTE HE SAYS PERIOD
127,MESTRONEMERS CAN'T TELL WHETHER THE UNIVERSITY EXPAND FOR REVER POWER BY THE BIG BANK OF OLD OR WHETHER WILL SOME DAY COLLIPS INTO AN A PACKLIPS INTO AN A PACKLIPS INTO AN A PACKLIPS INTO AN A PACKLIPS INTO AN A PACKLIPS INTO AN A PACKLIPS INTO AN A
128,I C. BY THE PAPERS THAT PEOPLE ARE WORRIED ABOUT THE COMING BUDGET SURPLUS
129,STORIES OF THE LEFTWING AND TIX OF BRITAIN'S LOCAL GOVERNMENTS HAVE APPEARED IN THE BRITISH PRESS FOR SEVERAL YEARS
130,MR. BARRY HAD BEEN PRESIDENT OF HARDMAN SYSTEMS AT UNIT OF FIGU INTERNATIONAL INCORPORATED
131,HE SAYS IT CAN DECARNEY TO SAY THAT USIC IS AGUNIVERSALLY ANWEDGED BUT A REALLY AS
132,NOBODY KNOWS HOW THE SOUTH AFRICAN GOVERNMENT WILL REACT
133,THE SENSIVENE PENDING DONE HAD STYMEED TEAM ORK THAT SHARE
134,DOUBLE-QUOTE WE JUST GET A GOOD SIGNED COMMA AND THAT MARKET WILL RESPOND PERIOD DOUBLE-QUOTE
135,SHAMROCK'S PRETAX PROFIT FROM THE SALE WANT HUNDRED TWENTY FIVE MILLION DOLLARS OF SPOKESWOMAN SAID
136,AND THE PRESS SECRETARY TO THE MINISTER OF COMMUNICATIONS AND INFORMATION HAS RESPONDED TO NUMEROUS CRITICISMS
137,JOB RECLIDERS ARE A SEAKER LEAD TRANGLE LURAL RAY CONSULTANTS PERIOD
138,STERLING SOFTWARE WE'RE SAID IT AGREED TO SELL ITS COMMERCIAL PROFESSIONAL SERVICE GROUP FELL WON'T ASE TO SEVEN IN WHAT AS
139,A U. B. S. SUBSIDIARY AND NEW YORK WAS THE FIRST FOREIGN INSTITUTION TO MAN INTERE U. S. DOMESTIC CORPORATE BOND ISSUE PERIOD
140,UNFORTUNATELY RECENT NOTHING IN BOTHS STUNCED PERIOD
141,BUT HAVING TALKED TO HAVE A REPUBLICANS ABOUT THIS IN REACHED AND WEEKS I'M CONVINCED THAT MORE OR WORRIED ABOUT THIS PERIOD
142,AS SIXTY HYPHEN DAY TO SIXTY FIVE HYPHEN DAY SUPPLY IS CONSIDERED COMFORTABLE PERIOD
143,INSTAD MR. SIMON PERSUADED HIM TO JOIN HIS GROUP STATE HIM TO JOIN HIS GROUP EST THE CHIEF EXECUTIVE OFFICER OF THE VERY IS HOLDING COMPANIES TO BE SET UP TO OWN EACH THRIFT
144,FOR TWENTY MINUTES COMMA THE TWO GROUPS FACED OFF FROM OPICITSIDE THE STREET COMMA AS A HANDFUL OF TELLISHING CRUWS AND FOREIGN JANALISTS RECORDED THE SEAN PERIOD
145,AND BESIDES COMMA NAME WAS A LONG TIME AGO PERIOD
146,THE SPOKESMAN SAID HE DIDN'T PERSONALLY INTERPERSONALLY INTERPERED THE MOVE AS AGGRESSIVE COMMA NOTING THAT THE TWO GROUPS HAVE HEAD A LONG PERIOD
147,U. S. WORSHIPS AND HELICOPTERS JASTEWAY AND AROUNDY IN WARSHIP FROM A CONVOLITY A FOREIGN A CONVOLITY TANKERS IN THE PERSIAN GOLF
148,WE'VE EAR GENTLEMENT ABOUT IT PERIOD
149,U. S. EXPORT THROUGHOAS IN THE MONTH BUT NOT NEARLY AS MUCH AS IMPORTS
150,IF IT IS ONE THING ITS AND OTHER
151,DOUBLE-QUOTE I TOLD LEMIS THE INDIVIDUALLY COMMA DOUBLE-QUOTE SAYS MR. AMMAROWTH COMMA A PARTY VETERING PERIOD
152,THE DEBLINE FOR DOING SO IS FEBRUARY TWENTY FIRST TWO MONTHS BEFORE GELETTE ALLETS APLE TWENTY FIRST ANNUAL MEETING
153,THE COMPANY ALSO DONATED FIFTY THOUSAND DOLLARS TO A LOCAL ENVIRONMENTAL GROUP TO HIGHER SPECIALISTS TO EVALUATE THE COMPANY'S PLANS TO CLEAN UP THE CONTAMINATED SITES
154,BUT THERE'S A EDULLY SIDE TO WHAT'S GOING OUT IN LOCAL GOVERNMENT THAT DISARES CLOSED ARE ATTENTION
155,HE SAID HE WOULD REOPEN NATIONAL ASSEMBLY DEBATE UNCONSIDERIONAL REVISION COMMA WHICH IN A PRO HE AIDS USPENDED UNTIL AFTER THE NINETEEN EIGHTY EIGHT ELIMICS PERIOD
156,MR. HOLMES ACCOURT SAID HE PLANS TO RIVE YOU THE STRUCTURE OF BELLPROUP RUPER
157,AT FORTY YEARS OLD MR. WEING IS RELATIVELY YOUNG FOR HIS JOB AND ADDUBSETS COLLEAGUES WHO ARE USED TO AGRADIAL PROMOTION SYSTEM BASED ON SENIORITY ON SENIORITY ON SENIORITY ON SENIORITY ON SENIORITY ON SENIORITY ON SENIORITY ON SENIORITY ON SENIORIT
158,NUMEROUS COMMA ADS FOR A POINTED MOST OF FUND GRATURYTED FROM UNIVERSITIES IN COMMINISHED BLOCK NATIONS
159,HE ACKNOWLEDGED IS DISCUSSING THE POTENTIAL OF SPEEDING UP LOSSES BUT DENIES MAKING EIGHTY THREAT
160,HE AS SEEKING BOARD REPRESENTATION COMMA AND MAY PLUSH FOR A JOY TO INTEKEOVER OF ANOTHER YOU KAY COMPANY PERIOD
161,BUT THE BULLS WON'T GIVE UP PERIOD
162,OPPOSITION FROM COMPETITORS ALSO CONTRIBUTED TO THE INITIAL REJECTION OF THE MERGER COMMA AND THAT HAS ANGERED SAN A FAY EXECUTIVES PERIOD
163,HE WAS STRIFT OF HIS PARTY TIDELS AND STOCK DOUBT COMMA RIPING UP HIS LEGLOD MEMBERSHIP CARD DEFORT THE WAITING TELEVISION CAMERAS
164,GENERALLY OFFICIALS WORK A MEETLY AVAILABLE FOR COMMENT PERIOD
165,THAT'S MORE ARE LESS WHAT THE PLUE CHIP ECONOMISTS SUCH SPECT PERIOD
166,HE PRIVATELY INSISTS THE OPPOSES REPEAL COMMA BUT SOME THINK HE IS USING ITS ABORGANING SHIP PERIOD
167,THE FEDERAL EXPRESS SERVICE COMMA WHICH ALLOWED BUSINESSED IN INDIVIDUALS TO SEND FACTS FROM THE COMPANY STORES COMMA CAME TWO EARLY AND WAS TWO EXPENSIVE COMMA ANALYSTS SAY PERIOD
168,WHILE AGKNOWLEDGED IN THAT POTENTIAL COMMA SOME WEST GERMAN TO WILL MAKERS CHAIF UNDER WESTERN ERE WESTERN ERESTERICTIONS PERIOD
169,THE CLUB NOW FIELDS A NUMBER OF TEAMS FOUR VERY OUS H. LEVELS PERIOD
170,MR. HOLMES ACCOURT SAID HE APPLANS TO REVIEW THE STRUCTURE OF BALAGARIES STRUCTURE OF BALAGRED
171,DOESN'T OF SUCCESSFUL BUSINESS BEN HAVE FOUND HARD BREAK IN WASHINGTON COMMA ADMITTEE IS THEM HAVE MADE MED MEDIOTHEM HAVE MADE MEDIATE MEDIATOM HAVE MADE MEDIATE SUMMODE MADE MADE MEDIATE SIMILAR TO DON REGANS PERIOD
172,THE ALLION AT AUTOMOBILE INDUSTRIES AREN'T THE ONLY WONGS THAT HAS LET EARLY ONLY WORKS THAT HAVE LET EARLY EXANAGES IN TECHNOLOGY OR DESIGNED SLIPLAY
173,THRIST AND NET WORS
174,BIG DURMIT AND AND ALL ARE IN DIFFERENT SEGMENTS OF THE OIL HYPHEN SERVICES BUSINESS
175,THE COMPANY SAID THE GROUP'S DEMASSIONAL OPERATIONS WILL BE SOLD SEPARATE LATE
176,FIRMEN SULTS MAJOR DEATS AND BURNEY REPORTEDLY DOING THE CROWD OF WASTERY HOUSES CUTTING THEIR NINETEEN EIGHTY SEVEN I. B. M. EARNINGS ESTIMATE
177,HIS CRODESIAL SUGGESTED THAT THE SOVIETS MINHARBOR MORE INTEREST IN DEPLOMACY HAND REAL ENTEREST AND DEPLOYMENTS EE HUNDRED AND DEPLOYMENTS EE HUNDRED AND DEPLOYMENTS
178,ABREADOUS OF COLON A PORTFOLIO STRATEGIST AT JEXEL BRINATE LAMBERT SAYS THE LAST ON ABOUTLY INTO ACTION WAS ENTIRELY AND KEEPING WITH THE NEW LOWED ON WALL STREET
179,PARRY DISCOVERED IT JAPAN FOR AMERICANS ACTUALLY ILLUST POLIIERAN EQUIPS
180,WITH ALL THE FIRINGS ON WALL STREET COMMA MAYBE THIS IS THE SHOT IN THE ORM THAT WE NEED PERIOD
181,SINCE EACH GENE AS THE BLUE PRINT FOR A PROTEIN COMMA THE DEFECT IS NOW TO INVOLVE A PROTEIN THAT EFFECTS MESSRLES PERIOD
182,IF HRESTS MUST MAINTAINEL LEVEL OF NETWORKS THAT IS A LEAST THREE PERCENT OF THEIR LIABILITIES
183,THEY FILL COMMA OFTEN LITERALLY COMMA THE CRACKS IN THE SYSTEM PERIOD
184,HIS M. B. A. ALSO WRITES SOME COLLEAGUES WHO ARE CONTEMPTSURIST OF FOREIGN CONCEPTS ESPECIALLY THOSE THAT MAKES IN WORK
185,THE FIRM SAID IT DOESN'T COMMENT ON ITS STOCK RECOVINATIONS OR AIDINGS ESTIMATES
186,THEY CLAIMED THEY SUCCEEDED IN THE SOBJECTIVE COMMA BUT JUDGE SO FAR SAYS THE RECORD SHOWS A SOVIETS NEVER AGREED DOAT SEMI-COLON IF THE DIDN'T COMMA WHICH IT WE QUESTION-MARK
187,NOW THERE DID WIDED TO HAVE CONTRA SUPPORTERS DRAG THROUGH THE MORE RASS OF THE LEGAL SYSTEM PERIOD
188,THE REBELS OF ACCUSED SINGLOB A FORMING ANTICOMMUNIST FIGULANT TO GROUPS
189,IN A SEPARATE INSIDENT A U. S. DESTRAY ARE FIRED MACHINE DON'T WANTING SHOTS AT TWO SMALL UNIDENTIFIED BOATS THAT APPROACH THE CONVOY
190,RIGHT NOW HOWEVER THE ECONOMY APPEARS STILL TO BE GROWING
191,YIELD MANAGEMENT IS IT ALL BAT FOR CONSUMERS PERIOD
192,IN ORDER TO STAY COMPETITIVE BUT THE PRELIFERATING NEMBER SMALL NON UNION OPERATIONS OF THE REGEN MOST COMPANIES HAVE SUCCESSFULLY SQUEEZED SUBSTANTIAL WAIDS CONCESSIONS TROOM LEMBER UNION
193,ECONOMIC AGAINST MORE THAN REFALLERMED COMMA HAS PRODED POLL INTO LET THE REPAIR MAN LOOSE PERIOD
194,THE CONSULTANTS NOTES NOTES THAN AMISSION IN THE PLANS THAT NEW THE COMPANY NOR FEDERAL REGULATORS ARE SEEDERS ARE REGULATORS
195,IF THESE SEVENTY NINE PERCENT OR THE IS ONLY ONE DOESN'T WERE IMS ON EVERYTE THE COMMA THEY WILL DEWS ALMOST TEN BILLION WORMS EVERY YEAR PERIOD
196,NOW COMMA WHATEVER THEIR DRAW BACKS IN REAL LIFE COMMA WEMPS IN FICTION OR NOT NESS THE SARALLY BAD THINGS PERIOD
197,IF THE SOVIETS DECIDED CHANGE THE NATURE OF THE MISSION THEY NOW HAVE THE WRITE GUI HERE SAYS THEY ISRAELI OFFICIAL
198,AS THE POPULATION DEAD HE APPEALS TO LESS EDUCATED LOWER MIDDLE CLASS PEOPLE WHO FIND ECONOMIC AND SOCIAL CHANGE FRIGHT MAIN
199,THE EXPANDED RECALL WAS DISCLOSED AT A MEETING WITH AN ARE C. OFFICIALS AT AN AGENCY OFFICE OUTSIDE CHICAGO PERIOD
200,BEHIND THIS SEEMS OUR BIDDER COMMA BUSINETEEN BATTLES MORE OF AUCOUTIVE OVER THE CORREY NOTWOLD THEN OF SUCH STATE PROFESSIONS PERIOD
201,AS SUCH COMMA IT IS OF MOST INTEREST DISCOLORST COMMA COLLECTORS AND PRACTICINGERS OF THE FIBER ARTS COMMA YET ITS TEXAS LARGELY ACCESSIBLE TO THE NON HYPHEN SPECIALIST PERIOD
202,US A SHADI'S ARMY SITIES ARE MYSITIONS
203,MR. BERY HAD BEEN PRESIDENT OF HARDMAN SYSTEMS A UNIT AFFICIANTER NATIONAL INCORPORATE
204,MR. SEMANS COULDN'T AMEEDALY BE REACHED FOR COMMENT
205,THERE ARE INDICATIONS TO SALES ARE SLOWING DOWN BUT CONSUMER CREDIT SEURSHED UPWARD IND
206,AND ARE D AT LEGROUT OFFICIALS CONVENED TO THEIR HIGH COURT TO JUDGE MR. AMOUTH LAST SUMMER PERIOD
207,WHILE NOT RULING OUT THAT THE U. S. CURRENCY COULD DECLINE OVER TIME MR. LIBSKY OF SELLEMAN SAYS HE THINKS THE JURY AS STILL OUT
208,THE ACT WAS AS UNATURAL FOR HIM AS EEDING POORK COMMA HE TOLD A FRIEND PERIOD
209,AN A. S. A. SCHEDULED THE WANTS OF THE WANTS OF THE WANTS OF THE SCOBERY FOR SEPTEMBER TWENTY NINETH PERIOD
210,IN MOST CASES THAT STILL WOULD BE LESS TO THEY WOULD BE LESS TO THEY WOULD PAY FOR A RANGE IN COVERAGE ON THEIR ALL
211,EARLY LAST WEEK COMMA MR. CHIN DID OFFER CONCESSIONS PERIOD
212,THERE JUST WAITING FOR THE ATOR
213,THE STATE CHAIMBER OF COMMERCE COMMA WHICH WANTS BACK T SIXTY EIGHT COMMA SWITCH OVER TO SEVENTY THREE ABOUT TWO MONTHS AGO PERIOD
214,AND A. S. A. SCHEDULED OF THE LAWNCH OF THE SPACE SHATTLE DISCAVERY FOR SEPTEMBER TWENTY NINE
215,WHICH BUREAUCRATS ARE IN THE DRIVERS SEAT AND BLACKS WRIGHTLY FEAR WHAT THE TANKS WEAPONS CAN DO TO THEM
216,WHY BUY BUY QUESTION-MARK CONSIDERED MY CONSIDERED PERIOD
217,THE COMPANY DECLINED TO COMMENT ON THE RESULT THESE SALE
218,THE WORKING PAPERS OPTIONS FOR TAX IN EMPLOYEE BENEFITS INCLUDED NIMITION THEY EXPLOSION OF EMPLOYER PROVIDED HEALTH INSURANCE AND CHALF ITSERIO PLAN BENEFITS
219,THE BUNDESS POSTS MANOBILLY HAS BECOME A LIGHT NAN WRODE FOR CRITICISM BY THE U. S. AND OTHER TRADING PARTNERS OF GERMANY'S CLOSED DOORS PERIOD
220,PEOPLE DOU'T REALIZE THE ENORMOUS DEMORMOUS DEMBERS INVOLVED THE AND ASKED NO DEMAND FOR FISH BAT PERIOD
221,A LITTLE GET LAWS COULD SOFT OF THE MARKETS RESISTANT TO SET THE MARKETS RESISTANT
222,AN L. SERVICES WELLS ONCE THEY ARE DRELDS COMMA LOWMIC DURMIT BUILD OFFSHORE DRILLING RIGHTS
223,BUT COMMA HE ARGUES COMMA DOUBLE-QUOTE THE DEEPER THE COOPERATION BETWEEN US COMMA THE MORE CONTROLLABLE THE SOVIETS ARE PERIODS DOUBLE-QUOTE
224,WE DISTO GET A GOOD SIGN AND THAT MARKET WILL RESPOND
225,WITH THIRTY MILLION TELEPHONES COMMA WEST GERMANY WRENGS BEHIND ONLY IN THE U. S. AND JAPANESE FALLON MARKETS PERIOD
226,LAST WEEK COMMA THE PARTY AND GOVERNMENT ORDERED THAT ALL SEVERE PRODUCTS BY STATE HYPHEN OWNED MINES MUST BE SOLD TO DECENTRAL BANK PERIOD
227,NOT ON LEADED THE CONTRACTS IN DENTIFY THE WEAPONS MANUFACTURERS COMMA THEY ALSO CONTAINED IN SENT OF CLOSES THAT REWARDED PREDUCTION WITHOUT REGARD TO THE ENVIRONMENTAL COMMA SAFETY AND HELPS PERIOD
228,THE LOGGED HAD BEEN PLANT FOR EARLIER THIS YEAR BUT WEST GROBS BY THE SPACE AGENCY ABOUT FIVE TIMES BECAUSE OF DESIGN OTHER DELAYS
229,WATCHING A COMPUTER HYPHEN DRIVEN LAYED THE TURN WRONG METAL IN TWO A PRECISION PART COMMA MR. AMOUNT CONCEDES THE RISK PERIOD
230,SOME MR. RERRAIN TELLS PEOPLE HEWSE FIFTY
231,THE RESULT BOOST PART POWERS POWERS POWERS POWERS POWERS
232,IT IS A POTICING COMMA AT OFTEN DISAPPOINTING EXPERIENCE PERIOD
233,AND THEY MAY BE AVER LATE WITH A LOT OF THE LOT OF THESE PUBLICITY IN THE NUVERS WITHOUT DIVING UP MUCH REAL GROUND
234,SO FINALLY THE WORRIED NEW YORK EARLIER HEAD AS BLOOD TESTED FOR EVIDENCE OF THE AIDES VIRUS
235,THE OTHER IS THAT WE SHOULD HAVE THE SURPLUS BUT WE'LL WE SHOULD HAVE THE SURPLUS BUT
236,DOUBLE-QUOTE IF THE SOVIETS DECIDE TO CHANGE THE NATURE OF THE MISSION COMMA THEY NOW HAVE THE WRITE CAY HERE COMMA DOUBLE-QUOTE SAYS THE ISRAELI OFFICIAL PERIOD
237,THE MONEY TO PUT THIS PROPOSITION ON THE BALLOT CAME PARTLY FROM THE GRAND HYPHEN CHAMPION GIVER COMMA AND SHE CALIFORNIA MEDICAL ASSOCIATION PACK PERIOD
238,IN NINETEEN EIGHTY COMMA THE FLAMES RESUMED HOME GAMES PERIOD
239,THE SHUTTLE WOULD BE THE FIRST TO LIFT OFF CENTS A NINETEEN EIGHTY SIX CHALLENGE OR EXPLOSION PERIOD
240,EVIDENCE ON THE FLOOR THE NEW YORK STOCK EXCHANGE WAS TEMPORATED BY FUCLY ME THOUGH
241,WATCHING A COMPUTER HYPHEN DRIVEN THE LAINTH TURN WRONG METAL INTERPRESISION PART COMMA MR. AINMAN CONCEEES THE RISK PERIOD
242,BRITISH APPLIANCE MAKERS HAVE LOST GROWN TO CONTON UNTIL EUROPEANS WHO OF ESTABLISHED A RECUTATION FOR DESIGN AND QUALITY STANDARDS PERIOD
243,ABOUT ONE POINT FIVE BILLION DOLLARS OF DEBT IS UNDER REVIEW
244,IN SOME INSTANCES COMMA MAM IS LORENG OF THESE MADE IN THESE MADE IN SURE WELL HYPHEN PLACED HOLLS PERIOD
245,AFTER THE THE SUITY HYPHEN DAY PERIOD COMMA THE SHARES WOULD BE CONVERTIBLE EDDLE LOWER RATIO
246,HOWEVER IN LIGHT OF THE STAKES ALREADY HELD BY THE VARIOUS FACTIONS ONLY ABOUT TEN PERCENT OF GENERAL DO THE BULL JEAKS SHARES APPEAR TO BE AVAILABLE ON THE MARKET
247,HE HAD BEEN SENIOR VICE PRESIDENT OF WASHINGTON OPERATIONS FOR THE DEFENSE CONTRACTORS
248,THIS ALLOW IT IT TO PLACE MORE OF ITS CAR DRY AND THE PANEMANIAN PURE CRIMICARY
249,THE SHARE PRIVATE INCREASED AN IMPORT PRICES FOR THE PAST YEAR TO SEVEN POINT THREE PERCENT PERIOD
250,THEY GATES AND COURIDORS OR DESIGNED FOR A SMALLER AIR AIR CRASHED
251,PETER F. BARREY SUCCEEDS MR. KENNEYER IN WASHINGTON AS OF ICE PRESIDENT
252,THE FIRM SAID A DOESN'T COMMENT ON ITS STOCK RECOMMENDATIONS OR EARNINGS ESTIMATES
253,DOUBLE-QUOTE THIS ASSURES OF FORCE RACE COMMA DOUBLE-QUOTE SAID ONE PERSON FIBMILY WHITE THE COMMITTEE STANKING PERIOD
254,IT RECENT WEEKS FOR EXAMPLE READ AMPLE READ HAVE HEARD OF THE BANNING OF ANTI IRISH CHOLKS IN ONE LONDON BURLA
255,THE WORRIES ARE UF TWO KINDS
256,BUT SOME MAY BE VETTER OFF LOOKING FOR INSURANCE OUTSIDE THE EMPLOYERS CONTINUED GRIUP RATE PLAN
257,BUT IT WASN'T AMEDIATELY CLEAR IF THE BULL WOULD AND TAKEOVER SPECULATION ABOUT BATTEN HUTCON PERIOD
258,LAST HYPHEN MEN IT MEDIATION ATTOMPS FOUNDER OVER THE ISSUES OF POWER HYPHEN SHARING AND PEACE HYPHEN MONITSWARING PERIOD
259,NOT EVERYONE BUYES THE DEFEAT THE DOLLAR THESE IS A DEFEATHED THE DOLLAR THESE
260,THERE ARE ABRIAGE ESTIMATE SHOWS THE ECONOMY EXPANDING AT A THREE POINT ONE PERCENT ANNUAL RATE IN LEGISHAN PERIOD
261,THE WARMING TREND MAY HAD MELTED TO SNOW COVER ON SOME CROPS
262,THAT IS WELL ABOVE THE NATIONAL AVERAGE FOR HASPITALS A SUCH PROGRAMS COMMA BUT HARDLY A MARKET IT WANTS TO SEE FRIGHTMENTED PERIOD
263,THOUGH WOULD BE OUT FOR MAY WILL FARGE CONONE POINTS SEVEN PERCENT PACE ESTIMATED FOR THIS QUARTER PERIOD
264,THIS IS SPECIALLY TRUE IN THE WORK OF BRITISH NOVILESTS COMMA AND EVEN COMMA PREVIOUSLY COMMA AND THE WORK OF WILL YEMBOYED PERIOD
265,THUS IN ORDER TO RESERVE ITS RIGHT TO LAWNTREA PROXY FIGHT CONNISTON WOULD NEED TO NOMINATE ITS SLATE BY FRIDAY AND FEBRUARY NINETEENTH
266,RESPONSE IS TEN TO BE NEW IT
267,SAID IT FINANCE CHAIRMAN BENTSEN AND SPEAK A RIGHT COMMA BOTH TEXANS COMMA PUSHED REPEAL PERIOD
268,THE CONSULTANTS NOTICED AND AMISSION IN THE PLANTS THAT NEW THE COMPANY NOR FEDERAL REGULATORS HAD SUBODED
269,BUT DOUBLE-QUOTE HIS STILL LIKE FANNI MAY PERIOD
270,I'M NOT IT ALL IN HAPPY WITH WHAT IT WHAT IT WHAT IT WHAT IT WHAT IT WHAT IT WHAT IT ALL IN HAPPY IN OUR END OUR ELDER OUT
271,ATLLEASTS TWO HUNDRED EIGHTY THOUSANDS NOW FIXED THING IT OWNED PERIOD
272,PENNZOIL HAS BEEN FREDDING OVER THE DETAILS OF MOVING THE MODING EVER SAND
273,STRONG IMPORTS HAVE BEEN THE DOMESTIC DEMAND RIGHT NOW A STRONG ONE SHORWAY TO CURRENT TRADE DEFICIT IS TO HAVE A FOLLOWED LONG ERCESSION
274,BRITISH COMPUTER BRANDS LIKE SOME CLAIR IN A CORN HAVE BLOOMED BUT QUICKLY BUT QUICKLY ARE QUICKLY
275,HE HAD BEEN SENGER VICE PRESIDENT AT WASHINGTON OPERATIONS FOR THE DEFENSE CONTRACT
276,ABOUT ONE POINT FIVE BILLION DOLLARS OF DEBT IS ON THE REVIEW PERIOD
277,IT WILL SELL EXTIVENT IT ALL LATER DATE
278,SEPARATELY COMMA LOODIES INVESTORS SERVICE INCORPORATED SAID IT PLACED SEASS ACTS AND ITS TRAST PROTATION SUBSIDIARIES ARE REVIEWED FOR POSSIBLE DOWN RATE BECAUSE OF C. S. X. RESTRUCTURING PLAYED BECAUSE OF C. S. X. RESTRUCTURING PLAYED BECAUSE OF C
279,BUT IF IT FAILS COMMA THE SENATE COMMA WHICH APPROVED THE AMEMENT BY A TWO TO ONE MARGIN EARLIER THIS YEAR COMMA WILL DOP THE SPEED HYPHEN LIMIT PROVISION PERIOD
280,INSTEAD THEY FAVOR OUT ANNOUNCED CHECKS BY ROVING RATHER THAN IN HOUSE IN SPECTORS FOCUSING ON CRITICAL CONTROL POINTS IN SEE FROM D PROCESSING ON CRITICAL CONTROL POINTS IN SEE FROM D PROCESSING ON CRITICAL CONTROL POINTS IN SEE FROM D PROCESSING O
281,THE PLAN WAS DISCOVERED AFTER DECODING DOW A CAPTURE DID LAST WEEK'S AREAST A TWENTY REBELL LEADERS
282,THE FEW ON THE GREEN OR BASIC CARD WILL JUMPED TWO FIFTY FIVE DOLLARS
283,AN HOULD SERVICES WELLS ORE AND STAYER DROOD WALL MICH DIMMIT BUILDS OFF SHORT DRILLING RAIDS
284,THE COMPANY ALSO DON'T AD FIFTY THOUSAND DOLLARS TO A LOCAL ENVIRONMENTAL GROUP TO HIGH ESPECIALISTS TO EVALUATE THE COMPANY'S PLANS TO CLEAN UP CONTAMINATED SITES
285,IN JANUARY THE AIR ABEXPEAKING THE MADEEST EXPERTS MR. MARTHER OF THE DELEGATIONS
286,IN SEPTEMBER THE COMPANY RECEIVED NINETY SIX POINT EIGHT MILLION DOLLARS AS ITS SHARE OF DAMAGES FROM ABREACH OF CONTRACT AT WARD RELATED TO A COLD PARTNERSHIP
287,BUT SCORES OF SMALLER STOCKS ROSE COMMA AND SEVERAL OF THE BIG RENATIONAL MARKET SYSTEM ISSUES MANAGED GAINS AS WELL COMMA BECAUSE OF A KIND WORD FROM AN ANALYST PERIOD
288,STRONGER PAULM OIL PRICES HELPED WILL PRICES HELPED WILL PRICES HELPED WILL PRICES FIRM ANALYSTS SAID
289,ANY LLICAL PLANT THE MANUFACTURING MAN AGENT IN EATED ANOTHER FORMEN A SALARYED POSITION BUT THERE WAS A FREEZE ON HIGH RINK SALARAED PERIOD
290,BUT NOW THE MEDICAL PACK OPPOSE IS BOEST MEASURES PERIOD
291,THE BIGGEINING OF ANY SOLUTION IS FOR AWANT ON REAGAN TO LOOK IN THEMIRE AND ADMIT THAT THIS WAS HAM A STATE PERIOD
292,SOIDBEING FUTURES LED THE DECLINES COMMA WITH PRICES FOR NOVEMBER DELIVERY FALLING TWENTY EIGHT POINT FIVE CENTS OBLICIAL TO EIGHT DOLLARS IN THIRTY ONE CENTS OBLICIAL
293,HOT IT WAS DOWN TEN TO ONE THOUSAND COMMA NINE HUNDRED THIRTY PERIOD
294,BUT LIGHTLY LILL FURTHER THEIR AWAYS AROUND HIGHER INTREASES
295,BREASH APPLIANCE MAKERS HAVE LOST GROWN TO CONMENTAL YOU REPAINS ROOF ESTABLISHED A REPUTATION FOR DESIGNED AND QUALITY STANDARDS
296,THERE ARE ALL Y SOME PESSIMISTS AND SINICS ST FED AFFLOWER SPECIALIST
297,SO ON HOURLY OPERATOR WAS PROMOTED DIFFORMENT BUT MAINTAINED ON THE HOURLY PAYROLL PERIOD
298,THE VERY IDEA COMMA THEY ARGUED COMMA MAY BE TAKEN BY EMPLOYEES AS A SLAP IN THE FACE PERIOD
299,HE'S DONE VERY WELL FOR STOCK HOLDER
300,HE AND OTHER U. S. INDUSTRY LATERS INSIST COMMA THOUGH COMMA THAT IMPORTS SUBJECT TO THE SAME TO GREE OF SCRUTINY PERIOD
301,ADDS JON A DIVISION MANAGERS FOR A RETAILER ITS WHO DOLLAR ITS WORLD
302,THIS MARKET IS WAITING FOR ONLY ONE THINGS A OUTFORD ROFF A SENIOR VICE PRESIDENT AT THOMS IN THE CAN INSECURITIES INCORPORATED
303,SOME R. INTELLS PEOPLE HE IS FOOPLE HE IS FOOKED A HEAST
304,THE COMPANY DECLINES TO SPACIFIE THE PRICE PAYED PERIOD
305,BUT TO THE SURPRISE OF ALMOST EVERYONE THE STOCK PRICES BEGAN A STATIC LINE THAT PUSHED THE AVERAGE ABOVE WEDNESDAY'S CLOSE
306,BY VAN COMMA ALL AGAINST SAID COMMA IT WILL HAVE RECEIVED A WAVER FROM ITS LENDING BANKS OF CERTAIN CONDITIONS AND ITS LOWN AGREEMENT PERIOD
307,THEY CAN ALSO INVOLVE INTERNATIONAL COOPERATION THE GOLD OFFICE IN THE GOIER OFFICE IN THE GOIER OUR SIMOLS TO PLEADS NOT TO USE NOW PERIOD
308,IT MAY BE THAT OUR STRUCTURE AND MOUTHS A PLECITY OF CORPORATIONS ISN'T THE MOST EFFECTED FOR THE FEW
309,DOUBLE-QUOTE THERE ISN'T MOST PROGRESS ON SEVENTEEN DAYS PERIOD
310,AT HOUNE THE PERMANENT SECRETARY OF THE MINISTRY OF COMMUNICATIONS AND INFORMATION HAS REBUPPED THE AMERICAN BUSINESS COUNTS
311,ARGEY ARE SPECIAL COMMITTEE IS HAPPY DECEANED ALTERNATIVE EMERGING TO THE POSSIBLE JOINT BID BETWEEN K. K. R. AND THE POSSIBLE JOINT BID BETWEEN K. C. R. AND THE BANAGEMENT HYPHEN WEDE GROUP PERIOD
312,IT DON'T AT TWENTY FIVE THOUSAND DOLLARS TO GET IT OFFS A GROUND PERIOD
313,AS MS. CANDOLLAN MR. LOWELL CEAT SOUTH AFRICA CENTRAL GOVERNMENT IS WILLIKE A BIG LUMBERING TANK
314,OFFICIALS IN TOGOOST AGO THOUGH SAID THE PLAN AGO DREQUESTS TO LAND AFTER ENTERING HUNDRED AND ARES
315,A SPOKESMAN FOR THE NUCLEAR REGULATORY COMMISSIONS SAID THREE M. DECIDED TO RECALL ADDITIONAL MODELS OF ITS AIR I. E. I. IN IZERS AFTER RADIATION LEAKS WERE DISCOVERED AT FOUR FACILITIES USING THOSE MODELS PERIOD
316,L. DOUBLE-QUOTE HEAD COUNT COMMA DOUBLE-QUOTE A BOGGEST MEASURING DEVICE OF EVER THERE WAS WANT COMMA REMAINED THE SAME SEMI-COLON THERE WAS NO INCREASE IN SALARY PERIOD
317,GHORGE E. ARE CAN EAR THE SECOND WAS NAMED TO THE NEW POST OF SENIOR VICE PRESIDENT IN CHARGE OF LONG RAINED PLAYTING IN EARLATED GOVERNMENT RELATED GOVERNMENT RELATIONS
318,THE CITY CAN PROBABLY HANDLE TWO PROGRAMS COMMA SAYS SHARP MAMORIL ADMINISTRATOR CHARLES COAK COMMA DOUBLE-QUOTE BUT THREE OR FOUR COULD BE PROBLEM AT THREE OR FOUR COULD BE PROBLEM AT THREE OR FOUR COULD BE PROBLEM AT THREE OR FOUR COULD BE PROBLEM
319,BASED ON ALL THAT RENO COMMA AND THE ADVISO OF OUR CALSEL COMMA RENOT OF NO REASON TO BLIEVE THAT BOB FREEMAN IN GAGGED IN ANY ILLEGAL IT PERIOD DOUBLE-QUOTE
320,CAR STOCKS WERE CLOSER TO NORMAL AS A JANUARY THIRTY FIRST COMMA WITH WARDS AUTO MORTOR FREPORTS COMMA AND INDUSTRY STATISTICAL PUBLICATION COMMA REPORTING A SEVENTY EIGHT HYPHEN DAY SUPPLY PERIOD
321,LOCAL SOUNDING IS SELLECTED NO BULL RETALKED SHE DO TO SUCCEED HIM AS JAPAN'S PREMIRE
322,DOUBLE-QUOTE WOVEN LOOK IT WHAT'S AVAILABLE IN THE STORES AND SAY COLON SINGLE-QUOTE HAY COMMA THIS STORE LOOKS EXACTLY LIKE LIKE LIKE LIKE LAUSE IT PERIOD
323,IT ALSO STATES THAT SEVEN THE NINE PERCENT OF THESE PEOPLE SAY THIY FIST THIRTY HYPHEN PLASS TIMES PER YEAR
324,BUT SCROWS OF SMALLER STOCKS ROSE AND SEVERAL OF THE BIGGER NATIONAL MARKET SYSTEM ISSUES MANAGED GAINS IS WELL BECAUSE OF A KINE WORD FROM AN ANALYST
325,THE COMPANY SAID OFFER IN DAVID BILLS PLAN TO CONVERT THEIR COMMON SHARES DURING THE THIRTY HYPHEN DAY PERIOD DOUBLE-QUOTE
326,HIS CREDINTIAL SUCH ESTED THAT THE SOVIETS MIGHT HARBOR MORE INTEREST IN DEPLOMENCY THAN REAL ESTATE
327,BUT LIKE A LITTLE FURTHER DASH THERE ARE WAYS AROUND HIGHERING FREESES PERIOD
328,YET EVEN AT EIGHTY SIX HE IS CONSIDERED THE COUNTRY'S MOST DINAMIC POLITICAL FIGURE
329,THE NATIONAL AVERAGE WAS FOUR POINT SIX THREE PERCENT IN DECEMBER NINETEEN EIGHTY SIX
330,IN NINETEEN EIGHTY THREE COMMA MEXICO AND VENTUSE WAYLATOLD A. PEX THAT FUTURE OIL PURCHASES WOULD HAVE TO BECT BY LETTERS OF CREDIT BY LETTERS OF CREDIT BY LETTERS OF CREDIT BY LETTERS OF CREDIT BY LETTERS OF CREDIT BY LETTERS OF CREDIT BY LETTERS 
331,GRAINS AND SOYBEANS MOST CORN AND WHEAT FUTURES PRICES WERE STRONGER
332,SO INCREASING THE COST OF ANIMALS WOULD NOT AFFECT THE BILL FRANIMAL RESEARCH SIGNIFICANTLY
333,IN ANY CASE THERE ARE PROBLEMS WITH THIS MEW TRANSITION THESES
334,FOR MANY JAPANESE COMPANIES COMPANIES IT WAS THE FIRST TIME OF THEY EVER SEEN AN AMERICAN INVESTOR SAYS MR. AIN
335,IT HAS SOME OF P. O. BECAUSE IT WOULD RAISE THIRTY SEVEN POINT NINE BILLION DOLLARS OVER THREE YEARS
336,STILL COMMA THE BOOK IS NOT INTENDED AS A COFFEE HYPHEN TABLE DISPLAYED PERIOD
337,DOUBLE-QUOTE THERE ISN'T MUCH PROGRESS IN SEVENTEEN DAYS PERIOD
338,TELEVISION SET MAKERS REALLY SCHEDULED T. V. PROGRAMMING BEGAN IERE HAVE LOST OUT TO THE JAPANESE AND THE EUROPEANS
339,AT LEAST TWO HUNDRED EIGHTY THOUSAND NOW FIXED THINGS ON THEIR OWN PERIOD
340,ECONOMIC AGAINST A COMMA MORE THAN REFORM COMMA HAS PRODDD POLINS TO LAT THE REPAIR MAN LOSSE PERIOD
341,WHILE IT GNOWLEDGING THAT POTENTIAL COMMA SOUTHWEST GERMAN TO A MAKERS CHAIF UNDERWESTERN RESTRICTIONS PERIOD
342,HE ARGUES THAT FRIDAY'S UNEMPLOYMENT FIGURES UNDERMINED THE THESE SAME A SHARPLY SLALLY ECONOMY
343,A STRONGERS SAY THAT THE EROPE SPATE IS CIELD
344,IT INVIDED RESIDENTS TO JOIN A COMMITTEE TO AIR THEIR GRIBES AGAINST THE COMPANY AND DISCUSS SOLUTIONS
345,NEW ORGANIZATION WORLD ARE ALLOWED EACH EXISTING COMMON SHARE TO BE CONFERED A DURING A THIRTY HYPHEN DAY PERIOD DOUBLE-QUOTE
346,THE PROBLEM IS IT PANAMS UNLOST COFFIDENCE IN MR. ACCORE AND CONTINUED TO INSIST THAT THEY WON'T MAKE CONCESSIONS IN LESS HUST HE IS REPLACED
347,UNDER THE BUY OUTPLAN COMMA SUNTERED INTENDS TO BEGIN A CASH TENDER OFFER FOR ALL OF ALLGANIES SHARES OUTSTANDING BY FRIDAY PERIOD
348,BUT BOTH COMPANY SHOULD BENEFIT FROM AN UPTURN IN THE OIL AND ATTUAL GAS DUSTNESS PERIOD
349,SOME SOURCES SAID SOMEOVE THE LESS HYPHEN TRADITIONAL HOLDERS OF GENERAL OF BAY BOESIEES SHARES COULD BE TOMPTED BY THE PROSPECT OF CAPITAL GAINS PERIOD
350,BUT SUCH ANSIDENCE OUR MILE TOUMLERS COMPAREDS WERE COMMING EIGHTH QUAYTE FOR THE TWO PROFESSIONS COMMA SOME OCCOUNTEDS AND CONSULTANTS AND CONSULTANTS PREDICT PERIOD
351,THE RATIO SIGNOMENT FIVE OF THE MARKET SEVEN QUARTERLY DOWN TURNS IN THE NINETEEN SEVENTY TWO EIGHTY SEVEN PERIOD DOUBLE-QUOTE
352,CAMBODIAS VIEW OF IT NOW HYPHEN BACKED GOVERNMENT REFUSES TO SHARE POWER WITH THE COMMERIER ROODS COMMA THE COUNTRY'S FORMER ALTERAL HYPHEN THE LEFTISTS RULERS PERIOD
353,HE VALUES THE PAY BLAIN ASSETS AT THREE BILLION DOLLARS SEMI-COLON THE SHIPBILDING OPERATIONS AT TWO BILLION DOLLARS SEMI-COLON AND THE AUTOMOTIVE UNIT AT MORE THAN ONE BILLION DOLLARS PERIOD
354,THE STATE GOVERNMENT ACKNOWLEDGED THAT TAXPAYERS COULD LOSE IS MUCH AS ONE HUNDRED MILLION OUSTRALIAN DOLLARS OF A ROUTHWELLS PERIOD
355,COORING FOR DECEMBER DELEVERY CLOSED AT TWO DOLLARS AND EIGHTY FOUR CENTS OBLICIAL COMMA DOWN SIX POINT FIVE CENTS OBLICIAL PERIOD
356,TWO STEEP BEFALL CAN MEAN HIGHER INFLATION AND EVENTUALLY HIGHER INTEREST RATES
357,FOR EXAMPLE IT LIKES STOCKS THAT SELL EDLO LOW MULTIPLE OF THE COMPANY'S BULK VALUE OR ASSETS MIGHT AS LIABILITIES PERIOD
358,EVEN THE STATE HIGHERS PRIVATE REPAIRMAN PERIOD
359,MANY OTHERS COMMA IF AIDING TAXES COMMA DO IT ON THE SLY PERIOD
360,LINNER AND TALKS BROKED DOWN WHEN THEY COULDN'T AGREE ON HOW MUCH MANAGEMENT CONTROL EACH WOULD HAVE OVER THE COMPANY COMMA THE SOURCES SAID PERIOD
361,IN A LOCAL PLANT COMMA THE MANUFACTURING MANAGER NEEDED AND OTHER FORMENT DASH A SALARY POSITION DASH BUT THERE WAS A FREEZE ON HIGHING SALARY PERCENTLE PERIOD
362,AS SIGNS OF A STRONGER ECONOMY EMERGE COMMA HE ADDS COMMA LONG HYPHEN TERM RATES ARE LIKELY TO DRESD HIGHER PERIOD
363,WISS THE PARTY DIVIDED COMMA THE LIBERTARY AND PRESIDENTIAL DOUBLE-QUOTE TO TWO HUNDRED TWENTY EIGHT THOUSAND IN NINETEEN EIGHTY FOUR COMMA ABOUT ONE HYPHEN FOURS ITS NINETEEN EIGHTY TOTAL PERIOD
364,HOUSE A FRAISER AGREED WEDNESDAY TO BUY MR. HOMES ACCORDS ONE HUNDRED TWENTY SEVEN POINT NINE THREE BILLION SEARS SHARES COMMA ACCORDING TO SEARS PERIOD
365,HIS M. B. A. ALSO ORKED SOME COLLEAGUES WHO ARE COULD TEMPTSURE IS OF FOREIGN CONCEPTS ESPECIALLY THOSE THOSE THOSE THOSE THOSE THOSE THOSE THOSE THOSE THOSE THOSE THOSE THOSE THOSE THOSE THOSE THOSE THOSE THOSE THOSE THOSE THOSE THOSE THOSE THOSE T
366,YET THE BUNDESS POST IS BENDING OVER BACKWER TO COMPLY WITH U. S. DEMANDS FOR MORE ACCESS PERIOD
367,ALTHOUGH JAPAN'S POLICIES WON'T CHANGE RATICALLY UNDER TARKETLY UNDER TARKETS SHEDA SIXTY THREE HIS LACKELFOREIGN POLICY EXPERIENCE COULD WORSENS APPANS THE INTERNATIONAL RELATIONS
368,RED LIKE TO SEE SOMETHING THAT LEADS TO REAL DEMOCRACY SAYS JAMEY BONUS A FICE SECRETARY GENERAL OF THE INDEPENDENT LIBERAL PARTY
369,THE EXPANDED RECALL WAS DISCLOSED THAT A MEETING WITH AN OURSE OFFICIALS AT AN AGENCY OFF HIS OUTSIDE CHIRAGO
370,IT ATTEMPTS TO BRING OARD TO THEM MERIOD FIVE EIGHT NEEKS CURRENTLY DESCRIBED BY A WEALTHER OF CONFLICTING TERMINALLY
371,FOR MONTHS HE HAD SUFFERED NIGHT SWERTS FEERS IT WAIT LOSS
372,SIBA AGREED TO REACH A REMATY THE OVERSITE
373,SAID HE PRESIDENTIAL CANDIDATES RANGING FROM CAMPED TO DECAUCUS COMMA WHO SEEKS A POLITICAL OPENING TO THE STOUTH
374,IN ADDITION NUCLEAR FREEZHONS OFTEN INCLUDE A RANGEMENTS THAT REQUIRED NOKLEAR WEAPONS DEPORTED A JACENCE OF THIS OWN ON LAND OR AT C. B. POLLED BACK
375,BUT THE PRO TESTS RAPIDLY BROKE UP WHEN THE MEDIA HEADED HOME
376,AS SIGNS OF A STRONGER ECONOMY AMERICH HE ADDS LONG TERM RATES OR LIKELY TO DRISH IRE
377,THEY CAN BE HAVE LARIOUSLY FLONNI COMMA AS WELL AS HIGHLY EFFECTIVE TWO OF FOR SAID TIRE PERIOD
378,AS WITH THE REST OF THE RECHIME POWER THEY'RE IDEOLOGY BECAME CONTAMINATED BY THE TERM OF CORRUPTION
379,TRADERS IN SISS THAT AN EXPECTED INJECTION OF LIQUIDITY FROM INVESTMENT TRUST AND OTHER INSTITUTIONS WILL HELP BOOST SHARE PRICES LATER IN THE WEEK
380,NOW COMMA THE SOURCES SAY COMMA MR. LINNER IS CONSIDERING MAKING HIS OWN BID OR JOINTING HIS OWN BID OR JOINTING WITH ANOTHER SHAREHOLDER OR ORDGRIUP OF SHAREHOLDERS ON ABID PERIOD
381,IT MAY BE THAT OUR STRUCTURE AND MULTIPLESIDY OF CORPORATIONS ISN'T THE MOKES TEFECTED FOR THE FUTURE
382,THE ACHIEVEMENT OF PRODUCTION DOLLS MADE UP FORTY PERCENT TO FIFTY PROCERN OF THE BONUS SAY MICOLON SAYS THE ELEST THEN TEN PERCENT PERIOD
383,SINCE THE EACH IN IS THE BLUE PRINT FOR A PROTEIN THE DEFECT IS NOW TO INVOLVE A PROTEIN THAT EFFECTS MONTH A PROTEE THAT EFFECTS MOMENT OF A PROTEE THAT EFFECTS MOMENT OF A PROTEE THAT EFFECTS MOMENT OF A PROTEE THAT EFFECTS MOMENT OF A PROTEE THAT
384,THE RATING CONCERN ALSO PLACED THE SINGLE A. TWO SENIOR DEBT RATING OF C. S. X. X. TEXAS GAS TRANSMISSION UNIT ON REVIEW WITH DIRECTION ON SURTON
385,SOME SOURCES SAID SOME OF THE LESS TRADITIONAL HOLDERS OF GENERAL DOUBLE-QUOTE GEAKS SHARES COULD BE TEMPTED BY THE PROSPOCT OF CAPITAL GAINS
386,DIGETATOR INCORPORATED'S SUPPORTERS COULDN'T CAN THEMSELVES PERIOD
387,BUT IT'S DIFFICULT TO SUME WHERE THE COMPANY GROWTH FROM HERE
388,THE PROBLEM CONTINUES TO BE MANOTION COMMA STATE CURRENT BURNIDE COMMA THE POLITICAL ARE OF THE RETELL MARKETING REPORT COMMA AND INDUSTRY NEWSLETTER PERIOD
389,MOST IMPORTANTLY COMMA THE BOOK COMMA LIKE THE EXEBIT COMMA PRESENTS AN ENGAGING SURVEY OF IN ARE LACED FORMS TO THE CENTRATE OF IN ARE LACED FORMS TO THE CENTRALIEST DASH ONE WEEKEND WEARNED FROM AN AND JOINT PERIOD
390,THE TWO COMPANIES AGREED TO SETTLE THE CASE FOR THREE BILLION DOLLARS IN LIGHT DECEMBER
391,I. B. M. FILL ONE AND SEBON EIGHTHS TO ONE HUNDRED TWENTY AND THREE EIGHTHS ON MORE THAN TWO POINT FIVE MILLION SHARES
392,BUT ATTEMPTS TO ISLAY THAT MISSING OUR DEFECTIVE PROTEIN IN THE MESSALE TISHUTION OF LONG PROVED FRESTRATING PERIOD
393,HOWEVER THE OTHER OFFICIALS CARRIED TO RISE HIS MESSAGE AS LEDISTRICE OF THONY BELONEY ACCOUNTING OR WEAKENED CAUSE CAYOS
394,HE ADDED U. S. INDUSTRY LEADERS IN SISTE THOUGH THAT IMPORTS SHOULD BE SUBJECT TO THE SAME DEGREE
395,AFTER OF THE THE THIRTY HYPHEN DAY PERIOD COMMA THE SHARES WOULD BE CONVERTIBLE AT A LOWER RATIO PERIOD
396,THE PILOT AND AMERICAN AND TWO OTHERS A BOARD DIED IN THE THE OTHER
397,MR. MARTIN RECENTLY DEPARTED FROM THE FAD TOLD MR. SIMON DRINERIED TO WASHING NATIONAL AIRPORT THAT HE MIGHT START A PRIVATE MORGAGE INSURANCE CONCERN
398,DOUBLE-QUOTE THEY HAVEN'T SAID THEY INTEND TO RACE ARE STAKE IN HE FURTHER COMMA DOUBLE-QUOTE HE SAID PERIOD
399,PROBABLY THE LARGEST CONTRIBUTED TO THE EARNINGS UP TURN FOR MAJOR PRODUCERS IS A NEW PAY STRUCTURE A HAMARD OUT AND A HEAVILY UNIONIZIDED PERIOD
400,MOSK U. R. DISTRIFEEHAS BAFFLE SIGESTAST EVER SUGGEDGE A. B. DO KEYNE FIRST RECOGNIZED THE DISORDER IN ONE THOUSAND EIGHT HUNDRED
401,THE COST OF ANIMALS USED IN RESEARCH REPRESENTS ONLY ONE PERCENT TO TWO PERCENT OF TOTAL COSTS
402,MR. POLLOW ALSO OWNED THE SAFATION COMPANY
403,TO ALLEVIE IT HAD HIS CONDITION COMMA MR. PATTERS AND STOCK STAVING PERIOD
404,ALL SIXTEEN ANALYSTS IN THE SURVEY PREDICTA STRONGER THAN THE SLUGGISH SECOND QUARTER THAN THE SLUGGISH SECOND QUARTER PERIOD
405,IT DIDN'T IDENTIFY THE BUYERS OR DISCLOSED TERMS OF THE SALES
406,BUT THEIR POPULARITY GREW SLOWLY BECAUSE TRANSMISSION OFTEN WAS SLUGGISH COMMA PRINTING MESSR. AND MACHINES COULDN'T DOUBLE-QUOTE TOCKED DOUBLE-QUOTE TO EACH OTHER EFFICIENTLY PERIOD
407,AND DEPARTMENT OF HEALTH AND DUMAN SERVICES OFFICIALS HAVE STOKEN AGAINST MENDATORY TESTING COMMA LIKE INTO JAMES BROWN COMMA A SPOKESMAN FOR THE PUBLIC HEALTH SERVICE PERIOD
408,PRIVATE SILVER EXPORTERS ALSO HAVE BEEN OFFERED IN CENTIVES TO SELL THEIR SOVERED TO THE BANK PERIOD
409,NOW CEIBO IS TRYING TO MAKE A MEMONG AMENGER MEMON
410,RING HYPHEN LEADERS AREN'T SOME MARRILY FIRED PERIOD
411,NET'S MORE ALLESS WHAT THE BLEW CHIP ECONOMISTS EXPECT
412,TO DAY HE SAYS THE ATTITUDES IF GOT MY JROB AND YOU'VE GROUP AND YOU'VE GROURD ORD
413,AT THE SAME TIME COMMA AGGRESSIVE EXPANSION ABROAD HAS MADE THE MOST SWISS OF SWISS BANKS ARE GLOBAL PLAYER PERIOD
414,THEY THINK STALLY TODAY IS AN EVEN BETTER BREAKUP PLAYED AND IN NINETEEN EIGHTY SIX WHEN DREXEL AND ITS CLIENTS ACCUMULATED THE STOCK PERIOD
415,PROPEDED BY NEWS REPORTS OF A LEGED MISSIPPROPRIATION OF FUNDS THE S. E. C. PHISIDE THE FIRM'S NEW YORK HEADQUARTERS LAST WEEK WITH THE INTENTION OF EXAMINING BUSINESS REAL
416,MARKET ACTION WAS A SENTUALLY DUGESTING WENTS THEY'S RALLY PERIOD
417,HE IDED COLON DOUBLE-QUOTE MAY OFFER THEY CALLED A OFFER THEY CALLED A IN IS GOING TO BE REVIEWED
418,BUT IN APRIL NINETEEN EIGHTY SIX COMMA NATIONAL STEEL CORPORATION DED JUST THAT PERIOD
419,BUT BOUGHTS COMPUTE I. SHOULD BENEFIT FOMMAN UPSERN IN THE OIL AND NATURAL GAS BUSINESS
420,REVENUE READ ARE INTEREST IN HAVING THE TRUCE IN HAVING THE TRUCE IN HERDS PERIOD
421,DOUBLE-QUOTE IF WILL KEEP THIS SUB COMMA WILL DIVISE OUT COMMA WILL DIVIST HARD PERIOD DOUBLE-QUOTE
422,HIGHER INDERSTRATES OF COURSE COULD BE OFFSET BY HIGHER INFLATION
423,MR. HOME'S ACCORDS SAID HE PLANS TO SAID HE PLANS TO REVELL GROUP
424,IT INVOTED RESIDENTS TO JOINT A COMMITTEE TO AIR THEIR GRIPS AGAINST THE COMPANY AND TO SCOUS SOLUTIONS
425,AND THEY BALK AT THE APPROACH USED IN MEET AND PULTRY PLANTS DASH CONTINUES IN SPECTION OF PRODUCTION LINES PERIOD
426,BUSINESSES WERE ALSO WARY OF FACTS PROJECTS AFTER A HIGHLY TOWDED FEDERAL EXPRESSED FENTURE TO PROVIDE FACT SERVICE FLOWNDERED AND WAS GETTISON PERIOD
427,THERE ARE SOME GUIS HERE THAT OUR SAYING THIS IS THE FINAL DON'T BEFORE THE CRASH
428,AFTER THE CLOSE OF TRADING THE FOUR CASTS WHERE INCREASED
429,INSTEAD COMMA THEY FAVOR UNIN OUTS CHECKS BY ROVING COMMA RATHER THAN IN HYPHEN HOUSE COMMA INSPECTORS FOCUSING ON DOUBLE-QUOTE CRITICAL CONTROL POINTS DOUBLE-QUOTE IN SIEFLE-QUOTE IN SIEFLE-QUOTE IN SIEFLE-QUOTE IN SIEFLE-QUOTE IN SIEFLE-QUOTE IN S
430,THE ATTWASE AS ON NATIONAL FOR HIM AS EEDING POOR COMMA HE TOLD A FRIEND PERIOD
431,PAINEWEBBERS MS. MAGLAID SET A SPECIAL POOMOTION BOOSTED YEAR EARLIER SALES SIGNIFICANTLY MAKING IT HARD TO ACHIEVE GAINS IN THE LATEST PERIOD
432,WE CUTURES WERE SUPPORTED BY CONCERN THAT WEAK MAY BE FOLLOWED NEW BE FOLLOWNERABLE IF COLD SNAPS FOLLOWED THIS PAST WEEK ANDS WARMED ANALYSTS SAID
433,NOT EVERYONE BUYES THEY DEATHER THE DOLLAR HEASIS
434,AT FORTY YEARS OLD MR. WEING AS RELATIVELY YOUNG FOR IS JOB AND THAT OBSETS COLLEAGUES WHO ARE USED TO AGRAED WILL PROMOTIONSYSTEM BASED ONCE PERIOD
435,DOUBLE-QUOTE FOUR THE RECORD DOUBLE-QUOTE ISN'T ACCOUNTED OF A TOUGH COMMA SUCCESSFUL BUSINESS MANS TERABLE WASHINGTON EXPERIENCED PERIOD
436,NOT THAT FACTS MACHINES ARE NEW PERIOD
437,OLD PEOPLE SURDOTT HAVE TO LIVE WITH THE CONSTATURE THE BAKED AND EPARATE END EVERYWAY BY THAT LAST DOLLAR IS COMMA LEAVING IDESTITUTE SPOUSE PERIOD
438,STUDES ARE SEEING AS THE PLUMME OF THE INDUSTRY BECAUSE OF MERCH'S EXTENSIVE LINE OF PRODUCTS
439,AND SOME CHAINS SUCH AS HOLIDAY CORPORATION SHARES INCORPORATION AND HIGH HAD HOTELS CORPORATION IN SESTED WILL MAKE PLANNEY OF ROOMS AVAILABLE AD BARGAIN RATES
440,SO HANDLEDLY OPERATOR WAS FROM OTE A DEFORMAN BUT MAINTAINED ON THE HOURLY PAY ROLE
441,BY SEPTEMBER THIRTIETH COMMA HE HAD RAISED ONE POINT THREE MILLION DOLLARS DASH SPURNING FEDERAL MATCHING FUNDS DASH AND EXPECTS TO RAISE TWO MILLION DOLLARS BY TUESDAY PERIOD
442,NOW COMMA WE MUST HAVE IN NEW SOMETHING DASH OR DASH OTHER TO AND SERVE THAT THE ELDERLY NOT THE WEIPED OUT FINANCIALLY BILLING DRING COMMA FINAL INTERELLENTLY AND THE PERIOD
443,BUT THE CHINESE HYPHEN BACKED COMMERIOR ROOGE IS TO STRONG US FORCE IN THE THREE HYPHEN PARTY YESTERDAY'S COLLITION COMMA AND BACKER SAY IT MUST HAVE A ROLE PERIOD
444,BUT IF THE HISTORY OF OTHER AFFER CAN NATIONS'S AND A GUIDE WHITES INDIANS AND SMALL BLACK TRADE SHOULD FEAR THAT
445,FOR ONE THING CONSUMERS MAY NOT BE QUIRED SPENDING
446,WHILE NOT RULING OUT THAT THE U. S. CURRENCY COULD DECLINE OF A TIME MR. LIBSKKEE OF A TIME MR. LIBSKY OF SOLIMAN SAID HE THINKS THE JARY IS DILLOUS
447,WHITE PLAYERS DRIFTED BACK COMMA INTENTIONS EASED PERIOD
448,A HOUSE OF PRAISER SPOKESMAN DIDN'T RETURN FOLLOWED US ESTERDAY PERIOD
449,MR. VOGHLOS SAID THAT IN ORDER TO MARKET THESE AND OTHER DRADS MERC PLANS TO INCREASE ITS SALES FORCED BY FIVE HUNDRED THIS YEAR
450,TRADED DEFICITS WEAK IN THE DOLLAR AS THEY DID LAST WEEK AT AN A SHORT RAN A WEAKER DOLLAR MEANS MORE HELP FOR EXPORTS
451,HE COULD PRESS MR. ROLLEN TO SELL HIM PART OF LONG ROSE PORTFOLIO PERIOD
452,YIELD MANAGEMENT ISN'T ALL BAD FOR CONSUMERS
453,DOUBLE-QUOTE WHAT ARE A TAIDS MAY COMMA DOUBLE-QUOTE SAYS MR. READ COMMA DOUBLE-QUOTE IS THAT WE DIDN'T OPPOSE THE BILLING TEN NORTHERN MERGERS PERIOD
454,MEANWHILE COMMA THE YIELD THAN MANY BENISSIBLE REVENUE BONDS HAS BEEN HAVE ARING AROUND EIGHT AND ONE EIGHTH PERCENT PERIOD
455,MR. BEASLLY NOW SAYS HE SAUD THE ACCOUNTING CHANGES BECAUSE WITHOUT THEM IT WAS CLEAR AS SYNNER LAYOR WITH THE TAXPAYER MONEY
456,IN THE LONG ARE RUN THE WEEK DOLLAR MAY MORE INFLATION AND TIGHT MONEY AND EVENTUALLY ARE ESSESSION
457,THE CONTRACTS PROVIDED THAT THE ENERGY DEPARTMENT WERE COVER COSTS COMMA PLUS IN ANDING WILL FEE COMPOSED OF IT GUARANTEED BASED PAYMENT AND A PERFORMANCE BONUS PERIOD
458,IT WASN'T A GIVE AWAY
459,THE RECALL EXPANSE ON IT WITHDRAWAL OF OTHER MODELS BEGUN EARLIER THIS WEEK PERIOD
460,FOR HIS TOP AID COMMA HE PICKS CONTRACT IN ORGANIZING CHIEF WALTERSHIE COMMA WHO ENDED HIS OWN BID TO BE PRESIDENT BY BACKING MR. MCCARTHY PERIOD
461,THE COMBINED BUSINESSES ACCOUNTED FOR TWO HUNDRED THIRTY FIVE MILLION DOLLARS OF DRAVO'S EIGHT HUNDRED NINETY THREE MILLION DOLLARS IN NINETEEN EIGHTY FIVE PREPARED NEW
462,HE ARD USED THAT FRIDAY'S UNEMPLOYMENT FIGURES UNDERMINED THE SESS OF A SHARPLY SLOWING ECONOMY
463,SOYBEAN FUTURES PRICES WERE MIXED WOULD BEING SENAOIL FENITION HIGHER PERIOD
464,BUT ACCORDS CREDIBILITY HAS HEASY ROADED TO THE POINT BET IF THEY WERE DET THOUGH A POINT BET IF VAY PAMENT DIRECTORS DON'T GET THOUGH GET THOUGH SET CONCESSIONS
465,EVEN THE STATE HIGHERS PRIVATE REPAIRMAN PERIOD
466,ITS ABOUT LIKE SEVENTEEN DAYS IN A BABIES LIFES COMMA DOUBLE-QUOTE SAYS MR. DIKY COMMA A VETERAN ENGLAST TEACHER HERE IN JAPAN PERIOD
467,BIGGER LOANS AND LOWER TAXES OUR DRAWING FIFTEEN THOUSAND WORKERS AGYEAR INTO LEGALIZED PRIVATE SERVICES PERIOD
468,THEY BEEN IN THE U. S. THAN THE EARLY NINETEEN SEVENTIES PERIOD
469,BECAUSE THE CONSERVATIVE PARTED CAN TROLS THE PARLIANENT THE WINNER OF THE TOP PARTY POST ALSO BECOMES PRIME MINISTER
470,EDWARD'S TENSITIONS THE LACK THE STOCKS OF RELATIVE WE'S MONTH COMPANIES ALSO NOT WIDELY FOLLOWED ON WALL STREET THAT BE TRADITIONAL VALUE OF YEAR CRITICING OLD VALUE OF YOUR CRITICING OLD VALUE OF YOUR CRITERIA
471,ONE IS THAT WE WILL HAVE THE SURPLUS BUT SHOULDN'T
472,TOLON EXCLAMATION POINT DOUBLE-QUOTE
473,THE GOLD CARD FEE WAS LAST INCREASED IN SEPTEMBER NINETEEN EIGHTY FOUR TO SIXTY FIVE DOLLARS FROM FIFTY DOLLARS
474,THE CHOICE BY MARKET SONY CAME AFTER OF THE FORMER FINANCE MINISTER AND HIS TWO RIVALS WERE BEBBLOCKED OVER HOUSE OF BE NAMED PRESIDENT OF THE RULING LIBERAL DEMOCRATIC PARTED
475,CREATING AN NUKED THE ARE FREE SOON IS PARTLY A LOWCO DECISION CITIZENS ARE GOVERNMENT IN A CERTAIN GEA GRAFTIC AREA DECIDED TO BAN NUCLEAR WEAPONS FROM THAT AREA
476,INSTEAD IT FOUND THAT OF THE FATION DESIGNED FIRM ME GILL CRUISE INTERNATIONAL WAS OPERATING IT THE LOCATION REDUCTED IS THE ADD OF MR. POEHLOWS INVESTMENT FOR POLOS INVESTMENT FOR POLOS INVESTMENT FOR POLOS INVESTMENT FOR POLOS INVESTMENT FOR POLOS
477,SHAMROCH AS INTELLIVESING AND REDEEO STATIONS AND REDUCERS REAL ESTATE AND VENTURE CAPITAL
478,DOUBLE-QUOTE I TOLD THE ITS THE END OF IDEALOGY COMMA DOUBLE-QUOTE SAYS MR. AMMAR AF COMMA A PARTY VETERAN PERIOD
479,REGARDLESS OF THE ALCOMMA VANY MEETING WITH TO LEAD CONST ON SEEMS ALMOST CERTAIN TO NOMINATE ITS OWN SLATE OF DIRECTORS SOMETIME MEXWEEK
480,NO FIRM PLAN HAS BEEN DEVISED BUT IT IS UNDER CONSIDERATION TO REVIEW THE WHOLESTRUCTURE HE SAID
481,IT WAS LAST RATES IN JUNE NINETEEN EIGHTY FIVE TO FORTY FIVE DOLLARS FROM THIRTY FIVE DOLLARS
482,HOWEVER HAD SUGGESTED LATER IN THE ARTICLE THE EMPLOYER MAY RESPOND WITH A LOCK OUT AND DISCONTINUED ONCE OF PAY
483,UNDER TERMS PREVIOUSLY REPORTED THE ITALIAN AGRICULTURAL CONCERN ASSUMED ABOUT ONE HUNDRED NINETY FIVE MILLION DOLLARS IN SUBORDINATED DEBT AS PART OF THE TRANSATED DEBT AS PART OF THE TRANSATED DEBT AS PART OF THE TRANSATED DEBT AS PART OF THE TRAN
484,THE BIG SHOW IS GOING TO DROP WHEN WE SEE THE TRADE NUMBER
485,AMONG THE MAJOR ASSETS COMMA TENNICO IS ENOUGH TO RESERVES COULD BE WERE ITS ABOUT FIVE BILLION DOLLARS COMMA MR. GAINS THINKS
486,CHRYSTERN SHOWERS HYPHEN SHOWING COMMA THE POLICY ALMINISTER COMMA BRESSELS AT SUGGESTS THAT SUCH CRITICISM LOODS OF THE MONOPOLY PERIOD
487,MEANTIME COMMA MR. MCARTHTHEOUSE WERE PLACING COUNING OFFICIALS COMMA INCLUDING ITS GENERAL COUNSEL INCLUDING ITS GENERAL COUNSEL AND SEVEN EGOTIATORS PERIOD
488,NOT THAT FACTS MACHINES ARE NEW PERIOD
489,THE LIBERALS LOST THE POLITICAL DEBATE OWN WHETHER TO FUND THE CONTRAS PERIOD
490,I. B. M. FILED AND SEVEN EIGHTHS TO ONE HUNDRED TWENTY AND THREE EIGHTHS ON MORE THAN TWO POINT FIVE MILLION SHARE
491,THIS IS A SPECIALITY TRUE IN THE WORK OF BRITISH NOBOLISTS AND EVEN PREVIOUSLY IN THE WORK OF WILLIAMBOID
492,OTELSKIN USE THAT TECHNOLOGY TO PREDICT WHEN BUSINESS WILL BE UNUSUALLY SLOW DASH AND THUS WHEN MORE DISCOUNTING AS NEED PERIOD
493,THE BRITISH PUBLIC HAS GOTTEN USED TO INJOINT SUCH A LONGEST STORIES AS PART OF ITS REGULAR NEWS PAY PERDOD
494,MR. ZEE TO AS IRAQ'S IRAQ'S LINKED TO THE U. S. IS A SPECIALLY CENTED OF ABOUT THE AMERICAN DECEPTION OVER IRAN
495,DRAVO LAST MONTH THE GREET IN PRINCIPLE TO SELL ITS ENLYNED WATER TRANSPORTATION STAVED A DOARING AND PIPE PERIOD
496,A GUARDY A HAS ONLY FIFTY SEVEN GATES BUT AT PEAK HOURS DOESN'T OF MORE PLANS MAY BE ON THE GROUND
497,BUT THERE POPULARITY GROUP SLOWLY BECAUSE TRANSMISSION OFTEN WHAT SLUGGISH COMMA PRINTING MASSIE AND MACHINES COULDN'T DOUBLE-QUOTE TALKED DOUBLE-QUOTE TO EACH OTHER EFFICIENTLY PERIOD
498,A SOCIATED AND AND IS NONEISE AIRCOLA IS A GENERAL PARTNER THEY'RE KELL HOTELPARTNERS AND HAS A ONE PERIOD
499,HUNDRED SAID A D. C. THREE TRANSPORT SHOW DOWN MONDAY BY HUNDRED FINDERS APPARENTLY WAS CARRYING DRUGS FROM COLUMBING OF
500,THE LAWNCHEBBEN PLANNED FOR EARLIER THIS YEAR BUT WE SCRUB TO BY THE SPACE AGENCY ABOUT FIVE TIMES BECAUSE OF DESIGN AND OTHER DELAYS PERIOD
501,DATENG HUTSON FOLLOWING TO FISTY AND ACTIVE TRADING PERIOD
502,THE PHILIPPINE MILITARY SAID IT AHEAD AND COVERATE A PLAT MCOMMUNIST GURYLES TO KILL RETIRED U. S. MAJOR GENERAL SINGLAB
503,YESTERDAY'S LUSERS INCLUDED AUTOMOBILES PERIOD
504,MR. ISENMAN THE OPPOSITION BUSINESS MAN SAYS AREN'T NO IFFOLLYSNT THE SOLUTION BUT THERE IS AN ANY SOLUTION WITHOUT AUR NO FLOOLION WITHOUT AUR NO FLOOLION WITHOUT AUR NO FLOOLION WITHOUT AUR NO FLOOLION WITHOUT AUR NO FLOOLION WITHOUT AUR NO FLOOLI
505,AFTER THE MARKET CLOSED COMMA THE MINNE SOUTH ALLEGISLATURE OF PASTED ANTI HYPHEN TAKEOVER BILK AND DEAT THOUGH A BILK AND DEAT THOUGH ARE BILKED AND DEBT THOUGH IN BASED HYPHEN BASED RETAILER PERIOD
506,THE TURNING POINT CAME IN NINETEEN SEVENTY EIGHT COMMA WHEN THE FLAMES WANT A CASH LIKE US ORGANIZATION CHAIBBEANSHIP PERIOD
507,WE'RE SEEING A RESPONSE THE REDRUCTION BUT IT'S CLAYLY TEMPORATED BY NATURAL CONSERVATIS AT RIGHT NOW
508,THE DROP WAS DISSHORE OF THE DALLY PERMIT IT LIVE IT OF THIRTY SENTS OBLICIAL PERIOD
509,DOUBLE-QUOTE DON'T UNDERWRESTIMATE US COMMA DOUBLE-QUOTE SAYS NAMEJ. H. COMMA THE CHAIRMAN OF THE DEBRIC RATIC JUSTICE PARTY'S POLICY CHIMIDY PERIOD
510,BUT THERE ALSO RISK
511,FERMAN SELLS MAUGARATED DEATS AND BURNEY REPORTEDLY JOYING THE GROUD OF WALL STREET HOUSES CUTTING THEIR NINETEEN EIGHTY SEVEN I. B. M. EARNINGS ESTIMATE
512,IF THE SEMANTY NINE FOR SAME OR DOES ONLY ONE DOESN'T WORMS ON EVERY TRIB COMMA THEY WOULD USE OWMAST TEN BILLION WIRMS EVERY YEAR PERIOD
513,IF DESEURGE A FEW PRICES INCLUDED COMMA IMPORT PRICES ROSE SIX POINT FIVE PERCENT IN THE FIRST QUARTER
514,PEAR FF BERRY SUCCEEDS MR. KANIER IN WASHINGTON AT THE VICE PRESIDENT
515,SHORT TERM RATES HE SAYS ARE LIKELY TO REMAIN STEADY OR MOVES SOMEWHAT HIGHER
516,A PACS AS SECRETS EAN AGRESSING THIS CAME BACK TO HONTEIT AFTER AT PURCHASED CLARK PERIOD
517,BRITISH COMPUTER BRANDS LIKE SON CLAIR AND A CORN HAVE BLOMED BUT QUICKLY FADED PERIOD
518,HIGHER INTEREST RATES COMMA OF THE COURSE COMMA COULD BE ALSET BOUGHT HIGHER INFLATION PERIOD
519,ON SOLD STOCKS OF TRAUCH ARE ABOUT A THIRD HIGHER THE NORWAL COMMA SAID A SPOKESMAN FOR THE COMPANY PERIOD
520,NO FIRM PLAN HAD SPEND DEFICED BUT IT IS UNDER CONSIDERATION TO RIFIEW THE HOLDS STRUCTURE HE SAID
521,ALTHOUGH MOST OF THOSE HAVE BEEN WEAK PERFORMERS THIS YEAR THAT HASN'T STOPPED OTHERS FROM TRYING TO CHASH AND ON THE TERMS OF NEW CASH AS
522,ANOTHER SPOKESMAN FOR THE MINISTRY HAS REPLIED TO THE FOREIGN COURSE BOND ITS ASSOCIATION OF SOUTHEAST ASIA
